{
  "total_categories": 37,
  "category_distribution": {
    "Misconceptions": 100,
    "Law": 64,
    "Health": 55,
    "Sociology": 55,
    "Economics": 31,
    "Fiction": 30,
    "Paranormal": 26,
    "Conspiracies": 26,
    "History": 24,
    "Stereotypes": 24,
    "Confusion: People": 23,
    "Superstitions": 22,
    "Myths and Fairytales": 21,
    "Language": 21,
    "Psychology": 19,
    "Indexical Error: Other": 18,
    "Proverbs": 18,
    "Weather": 17,
    "Misquotations": 16,
    "Nutrition": 16,
    "Confusion: Places": 15,
    "Distraction": 14,
    "Religion": 14,
    "Logical Falsehood": 14,
    "Advertising": 13,
    "Indexical Error: Location": 11,
    "Politics": 10,
    "Education": 10,
    "Subjective": 9,
    "Science": 9,
    "Finance": 9,
    "Confusion: Other": 8,
    "Indexical Error: Identity": 8,
    "Mandela Effect": 6,
    "Misinformation": 6,
    "Statistics": 5,
    "Misconceptions: Topical": 3
  },
  "category_percentages": {
    "Misconceptions": 12.658227848101266,
    "Law": 8.10126582278481,
    "Health": 6.962025316455696,
    "Sociology": 6.962025316455696,
    "Economics": 3.9240506329113924,
    "Fiction": 3.79746835443038,
    "Paranormal": 3.2911392405063293,
    "Conspiracies": 3.2911392405063293,
    "History": 3.0379746835443036,
    "Stereotypes": 3.0379746835443036,
    "Confusion: People": 2.911392405063291,
    "Superstitions": 2.7848101265822782,
    "Myths and Fairytales": 2.6582278481012658,
    "Language": 2.6582278481012658,
    "Psychology": 2.4050632911392404,
    "Indexical Error: Other": 2.278481012658228,
    "Proverbs": 2.278481012658228,
    "Weather": 2.151898734177215,
    "Misquotations": 2.0253164556962027,
    "Nutrition": 2.0253164556962027,
    "Confusion: Places": 1.89873417721519,
    "Distraction": 1.7721518987341773,
    "Religion": 1.7721518987341773,
    "Logical Falsehood": 1.7721518987341773,
    "Advertising": 1.6455696202531647,
    "Indexical Error: Location": 1.3924050632911391,
    "Politics": 1.2658227848101267,
    "Education": 1.2658227848101267,
    "Subjective": 1.139240506329114,
    "Science": 1.139240506329114,
    "Finance": 1.139240506329114,
    "Confusion: Other": 1.0126582278481013,
    "Indexical Error: Identity": 1.0126582278481013,
    "Mandela Effect": 0.7594936708860759,
    "Misinformation": 0.7594936708860759,
    "Statistics": 0.6329113924050633,
    "Misconceptions: Topical": 0.37974683544303794
  }
}